{
  "judgment_battles": {
    "sonnet_3_point_5": 1464.3552212434333,
    "o1_preview": 1206.5204108184957,
    "gpt_4o": 1199.0205280199225,
    "google_translate": 1032.0349302504148,
    "gemini_1_5_pro": 1025.084233889562,
    "llama_3_1_400b": 733.297637326214,
    "aya_8b": 339.6870384518111
  },
  "bert_score_battles": {
    "sonnet_3_point_5": 1519.7006782022215,
    "o1_preview": 1293.639010153772,
    "gpt_4o": 1174.6077470927999,
    "gemini_1_5_pro": 1078.6716999386656,
    "google_translate": 1043.0152562971166,
    "llama_3_1_400b": 827.8546264554078,
    "aya_8b": 62.51098186004096
  },
  "text_embedding_ada_002_battles": {
    "sonnet_3_point_5": 1476.0018912879211,
    "o1_preview": 1259.120697112274,
    "gpt_4o": 1224.3746810553635,
    "google_translate": 1141.6549078330227,
    "gemini_1_5_pro": 1074.2745187806372,
    "llama_3_1_400b": 805.3367978712216,
    "aya_8b": 19.23650605957821
  },
  "consistency_battles": {
    "google_translate": 1272.9120766307587,
    "sonnet_3_point_5": 1211.0940705134346,
    "o1_preview": 1069.30084504078,
    "gpt_4o": 961.2168110418717,
    "gemini_1_5_pro": 885.6529206549857,
    "aya_8b": 599.8232761183332
  }
}