{
  "judgment_battles": {
    "sonnet_3_point_5": 1495.9965952795487,
    "gpt_4o": 1233.255154834194,
    "o1_preview": 1172.9295289165316,
    "gemini_1_5_pro": 1037.7828761856133,
    "google_translate": 1033.7005580083512,
    "llama_3_1_400b": 672.405802756906,
    "aya_8b": 353.9294840188481
  },
  "bert_score_battles": {
    "sonnet_3_point_5": 1503.9931439462773,
    "o1_preview": 1366.7799994383881,
    "gpt_4o": 1171.336779222866,
    "gemini_1_5_pro": 1065.8780212205415,
    "google_translate": 1036.7700530030077,
    "llama_3_1_400b": 739.5547859404473,
    "aya_8b": 115.68721722846925
  },
  "text_embedding_ada_002_battles": {
    "sonnet_3_point_5": 1489.756288144943,
    "o1_preview": 1311.2672706966428,
    "gpt_4o": 1199.9247539401435,
    "google_translate": 1096.454846758511,
    "gemini_1_5_pro": 1095.2177162395515,
    "llama_3_1_400b": 714.6356407370818,
    "aya_8b": 92.74348348312458
  },
  "consistency_battles": {
    "google_translate": 1257.5940076878248,
    "sonnet_3_point_5": 1254.9788946381798,
    "o1_preview": 1086.662473576056,
    "gemini_1_5_pro": 949.6601621735537,
    "gpt_4o": 855.9084448228605,
    "aya_8b": 595.1960171015152
  }
}